--
-- PostgreSQL database dump
--

-- Dumped from database version 12.17 (Ubuntu 12.17-1.pgdg22.04+1)
-- Dumped by pg_dump version 12.17 (Ubuntu 12.17-1.pgdg22.04+1)

SET statement_timeout = 0;
SET lock_timeout = 0;
SET idle_in_transaction_session_timeout = 0;
SET client_encoding = 'UTF8';
SET standard_conforming_strings = on;
SELECT pg_catalog.set_config('search_path', '', false);
SET check_function_bodies = false;
SET xmloption = content;
SET client_min_messages = warning;
SET row_security = off;

DROP DATABASE universe;
--
-- Name: universe; Type: DATABASE; Schema: -; Owner: freecodecamp
--

CREATE DATABASE universe WITH TEMPLATE = template0 ENCODING = 'UTF8' LC_COLLATE = 'C.UTF-8' LC_CTYPE = 'C.UTF-8';


ALTER DATABASE universe OWNER TO freecodecamp;

\connect universe

SET statement_timeout = 0;
SET lock_timeout = 0;
SET idle_in_transaction_session_timeout = 0;
SET client_encoding = 'UTF8';
SET standard_conforming_strings = on;
SELECT pg_catalog.set_config('search_path', '', false);
SET check_function_bodies = false;
SET xmloption = content;
SET client_min_messages = warning;
SET row_security = off;

SET default_tablespace = '';

SET default_table_access_method = heap;

--
-- Name: comet; Type: TABLE; Schema: public; Owner: freecodecamp
--

CREATE TABLE public.comet (
    comet_id integer NOT NULL,
    star_id integer NOT NULL,
    name character varying(30),
    dimension integer,
    density integer
);


ALTER TABLE public.comet OWNER TO freecodecamp;

--
-- Name: comet_coment_id_seq; Type: SEQUENCE; Schema: public; Owner: freecodecamp
--

CREATE SEQUENCE public.comet_coment_id_seq
    AS integer
    START WITH 1
    INCREMENT BY 1
    NO MINVALUE
    NO MAXVALUE
    CACHE 1;


ALTER TABLE public.comet_coment_id_seq OWNER TO freecodecamp;

--
-- Name: comet_coment_id_seq; Type: SEQUENCE OWNED BY; Schema: public; Owner: freecodecamp
--

ALTER SEQUENCE public.comet_coment_id_seq OWNED BY public.comet.comet_id;


--
-- Name: galaxy; Type: TABLE; Schema: public; Owner: freecodecamp
--

CREATE TABLE public.galaxy (
    galaxy_id integer NOT NULL,
    name character varying(30) NOT NULL,
    galaxy_type text,
    diameter_in_ly integer,
    distance_in_ly integer
);


ALTER TABLE public.galaxy OWNER TO freecodecamp;

--
-- Name: galaxy_id_number_seq; Type: SEQUENCE; Schema: public; Owner: freecodecamp
--

CREATE SEQUENCE public.galaxy_id_number_seq
    AS integer
    START WITH 1
    INCREMENT BY 1
    NO MINVALUE
    NO MAXVALUE
    CACHE 1;


ALTER TABLE public.galaxy_id_number_seq OWNER TO freecodecamp;

--
-- Name: galaxy_id_number_seq; Type: SEQUENCE OWNED BY; Schema: public; Owner: freecodecamp
--

ALTER SEQUENCE public.galaxy_id_number_seq OWNED BY public.galaxy.galaxy_id;


--
-- Name: moon; Type: TABLE; Schema: public; Owner: freecodecamp
--

CREATE TABLE public.moon (
    moon_id integer NOT NULL,
    planet_id integer NOT NULL,
    name character varying(30),
    radius_in_km integer,
    orbital_period_days integer
);


ALTER TABLE public.moon OWNER TO freecodecamp;

--
-- Name: moon_moon_id_seq; Type: SEQUENCE; Schema: public; Owner: freecodecamp
--

CREATE SEQUENCE public.moon_moon_id_seq
    AS integer
    START WITH 1
    INCREMENT BY 1
    NO MINVALUE
    NO MAXVALUE
    CACHE 1;


ALTER TABLE public.moon_moon_id_seq OWNER TO freecodecamp;

--
-- Name: moon_moon_id_seq; Type: SEQUENCE OWNED BY; Schema: public; Owner: freecodecamp
--

ALTER SEQUENCE public.moon_moon_id_seq OWNED BY public.moon.moon_id;


--
-- Name: planet; Type: TABLE; Schema: public; Owner: freecodecamp
--

CREATE TABLE public.planet (
    planet_id integer NOT NULL,
    star_id integer NOT NULL,
    name character varying(30),
    has_life boolean,
    moons integer,
    year_in_earth_days integer
);


ALTER TABLE public.planet OWNER TO freecodecamp;

--
-- Name: planet_planet_id_seq; Type: SEQUENCE; Schema: public; Owner: freecodecamp
--

CREATE SEQUENCE public.planet_planet_id_seq
    AS integer
    START WITH 1
    INCREMENT BY 1
    NO MINVALUE
    NO MAXVALUE
    CACHE 1;


ALTER TABLE public.planet_planet_id_seq OWNER TO freecodecamp;

--
-- Name: planet_planet_id_seq; Type: SEQUENCE OWNED BY; Schema: public; Owner: freecodecamp
--

ALTER SEQUENCE public.planet_planet_id_seq OWNED BY public.planet.planet_id;


--
-- Name: star; Type: TABLE; Schema: public; Owner: freecodecamp
--

CREATE TABLE public.star (
    star_id integer NOT NULL,
    name character varying(30),
    mass numeric(5,3),
    has_planets boolean,
    galaxy_id integer NOT NULL,
    planets integer,
    distance_in_ly integer
);


ALTER TABLE public.star OWNER TO freecodecamp;

--
-- Name: star_id_number_seq; Type: SEQUENCE; Schema: public; Owner: freecodecamp
--

CREATE SEQUENCE public.star_id_number_seq
    AS integer
    START WITH 1
    INCREMENT BY 1
    NO MINVALUE
    NO MAXVALUE
    CACHE 1;


ALTER TABLE public.star_id_number_seq OWNER TO freecodecamp;

--
-- Name: star_id_number_seq; Type: SEQUENCE OWNED BY; Schema: public; Owner: freecodecamp
--

ALTER SEQUENCE public.star_id_number_seq OWNED BY public.star.star_id;


--
-- Name: comet comet_id; Type: DEFAULT; Schema: public; Owner: freecodecamp
--

ALTER TABLE ONLY public.comet ALTER COLUMN comet_id SET DEFAULT nextval('public.comet_coment_id_seq'::regclass);


--
-- Name: galaxy galaxy_id; Type: DEFAULT; Schema: public; Owner: freecodecamp
--

ALTER TABLE ONLY public.galaxy ALTER COLUMN galaxy_id SET DEFAULT nextval('public.galaxy_id_number_seq'::regclass);


--
-- Name: moon moon_id; Type: DEFAULT; Schema: public; Owner: freecodecamp
--

ALTER TABLE ONLY public.moon ALTER COLUMN moon_id SET DEFAULT nextval('public.moon_moon_id_seq'::regclass);


--
-- Name: planet planet_id; Type: DEFAULT; Schema: public; Owner: freecodecamp
--

ALTER TABLE ONLY public.planet ALTER COLUMN planet_id SET DEFAULT nextval('public.planet_planet_id_seq'::regclass);


--
-- Data for Name: comet; Type: TABLE DATA; Schema: public; Owner: freecodecamp
--

INSERT INTO public.comet VALUES (1, 1, 'Haileys', 15, 1);
INSERT INTO public.comet VALUES (2, 1, 'Tempel 1', 8, 1);
INSERT INTO public.comet VALUES (3, 1, '19P/Borrelly', 8, 1);


--
-- Data for Name: galaxy; Type: TABLE DATA; Schema: public; Owner: freecodecamp
--

INSERT INTO public.galaxy VALUES (1, 'Milky Way', 'Spiral', 100000, 0);
INSERT INTO public.galaxy VALUES (2, 'LMC', 'Irregular', 14000, 158000);
INSERT INTO public.galaxy VALUES (3, 'Andromeda', 'Eliptical', 220000, 2500000);
INSERT INTO public.galaxy VALUES (4, 'Cigar Galaxy', 'Peculiar', 37000, 11500000);
INSERT INTO public.galaxy VALUES (6, 'Sombrero Galaxy', 'Eliptical', 50000, 29350000);
INSERT INTO public.galaxy VALUES (5, 'Pinwheel Galaxy', 'Spiral', 170000, 20870000);
INSERT INTO public.galaxy VALUES (7, 'Whirlpool Galaxy', 'Spiral', 60000, 30000000);


--
-- Data for Name: moon; Type: TABLE DATA; Schema: public; Owner: freecodecamp
--

INSERT INTO public.moon VALUES (1, 3, 'Luna', 1737, 27);
INSERT INTO public.moon VALUES (2, 4, 'Phobos', 11, 1);
INSERT INTO public.moon VALUES (3, 4, 'Deimos', 6, 1);
INSERT INTO public.moon VALUES (4, 5, 'Io', 3643, 2);
INSERT INTO public.moon VALUES (5, 5, 'Europa', 3122, 4);
INSERT INTO public.moon VALUES (6, 5, 'Ganymede', 5262, 7);
INSERT INTO public.moon VALUES (7, 5, 'Callisto', 4821, 17);
INSERT INTO public.moon VALUES (8, 6, 'Mimas', 396, 1);
INSERT INTO public.moon VALUES (9, 6, 'Enceladus', 504, 1);
INSERT INTO public.moon VALUES (10, 6, 'Tethys', 1062, 2);
INSERT INTO public.moon VALUES (11, 6, 'Dione', 1123, 3);
INSERT INTO public.moon VALUES (12, 6, 'Rhea', 1527, 5);
INSERT INTO public.moon VALUES (13, 6, 'Titan', 5149, 16);
INSERT INTO public.moon VALUES (14, 6, 'Iapetus', 1470, 79);
INSERT INTO public.moon VALUES (15, 7, 'Cordelia', 40, 1);
INSERT INTO public.moon VALUES (16, 7, 'Ophelia', 43, 1);
INSERT INTO public.moon VALUES (17, 7, 'Bianca', 51, 1);
INSERT INTO public.moon VALUES (18, 7, 'Cressida', 80, 1);
INSERT INTO public.moon VALUES (19, 7, 'Desdemona', 64, 1);
INSERT INTO public.moon VALUES (20, 7, 'Juliet', 94, 1);
INSERT INTO public.moon VALUES (21, 7, 'Portia', 135, 1);
INSERT INTO public.moon VALUES (22, 7, 'Rosalind', 72, 1);
INSERT INTO public.moon VALUES (23, 7, 'Cupid', 18, 1);
INSERT INTO public.moon VALUES (24, 7, 'Belinda', 90, 1);
INSERT INTO public.moon VALUES (25, 7, 'Perdita', 30, 1);
INSERT INTO public.moon VALUES (26, 7, 'Puck', 162, 1);
INSERT INTO public.moon VALUES (27, 7, 'Mab', 18, 1);
INSERT INTO public.moon VALUES (28, 7, 'Miranda', 472, 1);
INSERT INTO public.moon VALUES (29, 7, 'Ariel', 1158, 3);
INSERT INTO public.moon VALUES (30, 7, 'Umbriel', 1169, 4);
INSERT INTO public.moon VALUES (31, 7, 'Titania', 1577, 9);
INSERT INTO public.moon VALUES (32, 7, 'Oberon', 1523, 13);
INSERT INTO public.moon VALUES (33, 7, 'Caliban', 42, 580);
INSERT INTO public.moon VALUES (34, 7, 'Stephano', 32, 678);
INSERT INTO public.moon VALUES (35, 7, 'Ferdinand', 21, 2809);
INSERT INTO public.moon VALUES (36, 8, 'Triton', 2705, 6);


--
-- Data for Name: planet; Type: TABLE DATA; Schema: public; Owner: freecodecamp
--

INSERT INTO public.planet VALUES (1, 1, 'Mercury', false, 0, 88);
INSERT INTO public.planet VALUES (2, 1, 'Venus', false, 0, 225);
INSERT INTO public.planet VALUES (3, 1, 'Earth', true, 1, 365);
INSERT INTO public.planet VALUES (4, 1, 'Mars', false, 2, 687);
INSERT INTO public.planet VALUES (5, 1, 'Jupiter', false, 95, 4329);
INSERT INTO public.planet VALUES (6, 1, 'Saturn', false, 146, 10749);
INSERT INTO public.planet VALUES (7, 1, 'Uranus', false, 28, 30660);
INSERT INTO public.planet VALUES (8, 1, 'Neptune', false, 16, 60195);
INSERT INTO public.planet VALUES (9, 2, 'Proxima Centauri d', false, 0, 5);
INSERT INTO public.planet VALUES (10, 2, 'Proxima Centauri b', false, 0, 11);
INSERT INTO public.planet VALUES (11, 2, 'Proxima Centauri c', false, 0, 1928);
INSERT INTO public.planet VALUES (12, 4, 'AEgir', false, 0, 2689);


--
-- Data for Name: star; Type: TABLE DATA; Schema: public; Owner: freecodecamp
--

INSERT INTO public.star VALUES (1, 'Sol', 1.000, true, 1, 8, 0);
INSERT INTO public.star VALUES (2, 'Proxima Centauri', 0.122, true, 1, 2, 4);
INSERT INTO public.star VALUES (3, 'Bernards Star', 0.144, false, 1, 0, 6);
INSERT INTO public.star VALUES (4, 'Epsilon Eridani', 0.820, true, 1, 1, 10);
INSERT INTO public.star VALUES (5, 'Tau Ceti', 0.783, true, 1, 4, 12);
INSERT INTO public.star VALUES (6, 'Gamma Ceti', 1.880, false, 1, 0, 80);


--
-- Name: comet_coment_id_seq; Type: SEQUENCE SET; Schema: public; Owner: freecodecamp
--

SELECT pg_catalog.setval('public.comet_coment_id_seq', 3, true);


--
-- Name: galaxy_id_number_seq; Type: SEQUENCE SET; Schema: public; Owner: freecodecamp
--

SELECT pg_catalog.setval('public.galaxy_id_number_seq', 7, true);


--
-- Name: moon_moon_id_seq; Type: SEQUENCE SET; Schema: public; Owner: freecodecamp
--

SELECT pg_catalog.setval('public.moon_moon_id_seq', 36, true);


--
-- Name: planet_planet_id_seq; Type: SEQUENCE SET; Schema: public; Owner: freecodecamp
--

SELECT pg_catalog.setval('public.planet_planet_id_seq', 12, true);


--
-- Name: star_id_number_seq; Type: SEQUENCE SET; Schema: public; Owner: freecodecamp
--

SELECT pg_catalog.setval('public.star_id_number_seq', 1, false);


--
-- Name: comet comet_pkey; Type: CONSTRAINT; Schema: public; Owner: freecodecamp
--

ALTER TABLE ONLY public.comet
    ADD CONSTRAINT comet_pkey PRIMARY KEY (comet_id);


--
-- Name: comet comet_unique; Type: CONSTRAINT; Schema: public; Owner: freecodecamp
--

ALTER TABLE ONLY public.comet
    ADD CONSTRAINT comet_unique UNIQUE (comet_id);


--
-- Name: galaxy galaxy_pkey; Type: CONSTRAINT; Schema: public; Owner: freecodecamp
--

ALTER TABLE ONLY public.galaxy
    ADD CONSTRAINT galaxy_pkey PRIMARY KEY (galaxy_id);


--
-- Name: galaxy galaxy_unique; Type: CONSTRAINT; Schema: public; Owner: freecodecamp
--

ALTER TABLE ONLY public.galaxy
    ADD CONSTRAINT galaxy_unique UNIQUE (galaxy_id);


--
-- Name: moon moon_pkey; Type: CONSTRAINT; Schema: public; Owner: freecodecamp
--

ALTER TABLE ONLY public.moon
    ADD CONSTRAINT moon_pkey PRIMARY KEY (moon_id);


--
-- Name: moon moon_unique; Type: CONSTRAINT; Schema: public; Owner: freecodecamp
--

ALTER TABLE ONLY public.moon
    ADD CONSTRAINT moon_unique UNIQUE (moon_id);


--
-- Name: planet planet_pkey; Type: CONSTRAINT; Schema: public; Owner: freecodecamp
--

ALTER TABLE ONLY public.planet
    ADD CONSTRAINT planet_pkey PRIMARY KEY (planet_id);


--
-- Name: planet planet_unique; Type: CONSTRAINT; Schema: public; Owner: freecodecamp
--

ALTER TABLE ONLY public.planet
    ADD CONSTRAINT planet_unique UNIQUE (planet_id);


--
-- Name: star star_pkey; Type: CONSTRAINT; Schema: public; Owner: freecodecamp
--

ALTER TABLE ONLY public.star
    ADD CONSTRAINT star_pkey PRIMARY KEY (star_id);


--
-- Name: star star_unique; Type: CONSTRAINT; Schema: public; Owner: freecodecamp
--

ALTER TABLE ONLY public.star
    ADD CONSTRAINT star_unique UNIQUE (star_id);


--
-- Name: comet comet_star_id_fkey; Type: FK CONSTRAINT; Schema: public; Owner: freecodecamp
--

ALTER TABLE ONLY public.comet
    ADD CONSTRAINT comet_star_id_fkey FOREIGN KEY (star_id) REFERENCES public.star(star_id);


--
-- Name: moon moon_planet_id_fkey; Type: FK CONSTRAINT; Schema: public; Owner: freecodecamp
--

ALTER TABLE ONLY public.moon
    ADD CONSTRAINT moon_planet_id_fkey FOREIGN KEY (planet_id) REFERENCES public.planet(planet_id);


--
-- Name: planet planet_star_id_fkey; Type: FK CONSTRAINT; Schema: public; Owner: freecodecamp
--

ALTER TABLE ONLY public.planet
    ADD CONSTRAINT planet_star_id_fkey FOREIGN KEY (star_id) REFERENCES public.star(star_id);


--
-- Name: star star_galaxy_id_fkey; Type: FK CONSTRAINT; Schema: public; Owner: freecodecamp
--

ALTER TABLE ONLY public.star
    ADD CONSTRAINT star_galaxy_id_fkey FOREIGN KEY (galaxy_id) REFERENCES public.galaxy(galaxy_id);


--
-- PostgreSQL database dump complete
--

